{"freqs": [20.000000000000004, 43.08869380063767, 92.83177667225556, 200.00000000000003, 430.8869380063765, 928.3177667225556, 2000.0000000000002, 4308.869380063765, 9283.177667225556, 20000.000000000004], "values": [0.005000286140187832, 0.005000039528006823, 0.004999518119175472, 0.004999494664371134, 0.004999494664371134, 0.0049994836289585344, 0.004999487343849905, 0.004999487343849905, 0.004999505299158194, 0.004999541610400314]}